date,name,kind
2026-10-05,King's Birthday,public holiday
2026-12-24,Christmas Eve (from 6pm),part day
2026-12-25,Christmas Day,public holiday
2026-12-26,Boxing Day,public holiday
2026-12-28,Boxing Day (additional day),public holiday
2027-01-01,New Year's Day,public holiday
2027-01-26,Australia Day,public holiday
2027-03-26,Good Friday,public holiday
2027-03-27,Easter Saturday,public holiday
2027-03-28,Easter Sunday,public holiday
2027-03-29,Easter Monday,public holiday
2027-04-25,Anzac Day,public holiday
2027-05-03,Labour Day,public holiday
2027-08-11,Royal Queensland Show (Brisbane),show day
2027-10-04,King's Birthday,public holiday
2027-12-24,Christmas Eve (from 6pm),part day
2027-12-25,Christmas Day,public holiday
2027-12-26,Boxing Day,public holiday
2027-12-27,Christmas Day (additional day),public holiday
2027-12-28,Boxing Day (additional day),public holiday
